Priority,Category,File,Total,Log,Error,Warn,Debug,Info,Status,Notes
A-最優先,API,app/api/trip/[id]/route.ts,28,19,8,1,0,0,未対応,
A-最優先,API,app/api/trips/route.ts,19,16,3,0,0,0,未対応,
A-最優先,API,app/api/users/migrate/route.ts,16,14,2,0,0,0,未対応,
A-最優先,API,app/api/trips/recommended/route.ts,12,9,2,1,0,0,未対応,
A-最優先,API,app/api/debug/auth/route.ts,11,8,2,1,0,0,未対応,
A-最優先,API,app/api/itineraries/insert/route.ts,10,8,2,0,0,0,未対応,
A-最優先,API,app/api/itineraries/route.ts,9,5,4,0,0,0,未対応,
A-最優先,API,app/api/trips/[id]/route.ts,8,4,4,0,0,0,未対応,
A-最優先,API,app/api/users/route.ts,6,4,2,0,0,0,未対応,
A-最優先,API,app/api/itineraries/reorder/route.ts,5,3,1,1,0,0,未対応,
A-最優先,API,app/api/itineraries/[id]/route.ts,4,2,2,0,0,0,未対応,
A-最優先,API,app/api/places/search/route.ts,4,3,1,0,0,0,未対応,
A-最優先,API,app/api/trips/accessible/route.ts,4,0,3,1,0,0,未対応,
A-最優先,API,app/api/user/plan/route.ts,4,0,2,2,0,0,未対応,
A-最優先,API,app/api/distance/batch/route.ts,3,1,1,1,0,0,未対応,
A-最優先,API,app/api/route-optimization/route.ts,3,1,2,0,0,0,未対応,
A-最優先,API,app/api/debug/firebase/route.ts,2,1,1,0,0,0,未対応,
A-最優先,API,app/api/plans/route.ts,2,0,2,0,0,0,未対応,
A-最優先,API,app/api/storage/quota/route.ts,2,0,2,0,0,0,未対応,
A-最優先,API,app/api/storage/usage/route.ts,2,0,2,0,0,0,未対応,
A-最優先,API,app/api/templates/route.ts,2,0,2,0,0,0,未対応,
A-最優先,API,app/api/unsplash/route.ts,2,0,2,0,0,0,未対応,
A-最優先,API,app/api/distance/route.ts,1,0,1,0,0,0,未対応,
A-最優先,API,app/api/geocoding/geocode/route.ts,1,0,1,0,0,0,未対応,
A-最優先,API,app/api/geocoding/reverse/route.ts,1,0,1,0,0,0,未対応,
A-最優先,API,app/api/itineraries/duplicate-to-day/route.ts,1,0,1,0,0,0,未対応,
A-最優先,API,app/api/itineraries/move-to-day/route.ts,1,0,1,0,0,0,未対応,
A-最優先,API,app/api/migrate/places-to-cache/route.ts,1,0,1,0,0,0,未対応,
A-最優先,API,app/api/places/details/route.ts,1,0,1,0,0,0,未対応,
A-最優先,API,app/api/plans/[id]/duplicate/route.ts,1,0,1,0,0,0,未対応,
A-最優先,API,app/api/plans/[id]/template/route.ts,1,0,1,0,0,0,未対応,
A-最優先,API,app/api/trip/[id]/day/route.ts,1,0,1,0,0,0,未対応,
A-最優先,API,app/api/trips/recommendations/route.ts,1,0,1,0,0,0,未対応,
A-最優先,API,app/api/users/check-slug/route.ts,1,0,1,0,0,0,未対応,
B-高,Library,lib/places-cache.ts,30,17,13,0,0,0,未対応,
B-高,Library,lib/image-upload.ts,29,15,6,8,0,0,未対応,
B-高,Library,lib/weather-api.ts,21,11,5,5,0,0,未対応,
B-高,Library,lib/country-utils.ts,20,19,0,1,0,0,未対応,
B-高,Library,lib/slug-data-helpers.ts,15,12,3,0,0,0,未対応,
B-高,Library,lib/route-optimization.ts,12,6,6,0,0,0,未対応,
B-高,Library,lib/timezone-utils.ts,10,1,7,2,0,0,未対応,
B-高,Library,lib/itinerary-reorder.ts,8,5,3,0,0,0,未対応,
B-高,Library,lib/firebase-admin.ts,7,1,6,0,0,0,未対応,
B-高,Library,lib/storage-management.ts,7,1,5,1,0,0,未対応,
B-高,Library,lib/browser-info.ts,6,0,0,6,0,0,未対応,
B-高,Library,lib/currency-utils.ts,6,1,4,1,0,0,未対応,
B-高,Library,lib/plan-save-operations.ts,6,0,6,0,0,0,未対応,
B-高,Library,lib/user-data-context.tsx,6,0,6,0,0,0,未対応,
B-高,Library,lib/auth-context.tsx,5,2,3,0,0,0,未対応,
B-高,Library,lib/places-api.ts,5,3,2,0,0,0,未対応,
B-高,Library,lib/unsplash-api.ts,5,0,5,0,0,0,未対応,
B-高,Library,lib/distance-api.ts,4,0,4,0,0,0,未対応,
B-高,Library,lib/env-validation.ts,4,0,3,1,0,0,未対応,
B-高,Library,lib/geocoding-api.ts,4,2,2,0,0,0,未対応,
B-高,Library,lib/firebase.ts,3,0,3,0,0,0,未対応,
B-高,Library,lib/subscription-context.tsx,3,0,3,0,0,0,未対応,
B-高,Library,lib/api-helpers.ts,1,0,1,0,0,0,未対応,
C-中,Component,components/trip/ScheduleCard.tsx,22,6,16,0,0,0,未対応,
C-中,Component,components/ui/ImageUpload.tsx,14,11,2,1,0,0,未対応,
C-中,Component,components/trip/VenueDistance.tsx,12,11,1,0,0,0,未対応,
C-中,Component,components/tripcard/NextTripMap.tsx,11,10,1,0,0,0,未対応,
C-中,Component,components/common/CreateTripDialog.tsx,9,3,6,0,0,0,未対応,
C-中,Component,components/modals/POIDialog.tsx,9,7,1,1,0,0,未対応,
C-中,Component,components/trip/TripEditor.tsx,9,2,7,0,0,0,未対応,
C-中,Component,components/modals/AddScheduleModal.tsx,8,5,3,0,0,0,未対応,
C-中,Component,components/modals/UserSettingsModal.tsx,7,3,4,0,0,0,未対応,
C-中,Component,components/trip/TripMap.tsx,7,6,1,0,0,0,未対応,
C-中,Component,components/ui/AvatarUpload.tsx,5,3,2,0,0,0,未対応,
C-中,Component,components/trip/CountryMap.tsx,4,2,1,1,0,0,未対応,
C-中,Component,components/trip/DailyRouteOptimizer.tsx,4,2,2,0,0,0,未対応,
C-中,Component,components/common/PlaceSearchInput.tsx,2,0,2,0,0,0,未対応,
C-中,Component,components/ui/StorageUsageDisplay.tsx,2,0,2,0,0,0,未対応,
C-中,Component,components/gonnause/DayDropZone.tsx,1,1,0,0,0,0,未対応,
C-中,Component,components/modals/SubscriptionModal.tsx,1,0,1,0,0,0,未対応,
C-中,Component,components/trip/DayEditor.tsx,1,0,1,0,0,0,未対応,
C-中,Component,components/trip/RouteCostEstimator.tsx,1,0,1,0,0,0,未対応,
C-中,Component,components/trip/RouteOptimizationDisplay.tsx,1,0,1,0,0,0,未対応,
C-中,Component,components/ui/PremiumButton.tsx,1,1,0,0,0,0,未対応,
C-中,Component,components/ui/TimezoneLogManager.tsx,1,0,1,0,0,0,未対応,
D-低,Other,scripts/manage-itineraries.ts,28,23,5,0,0,0,未対応,
D-低,Other,scripts/migrate-user-data.ts,18,15,3,0,0,0,未対応,
D-低,Other,scripts/flush-itineraries.ts,16,13,3,0,0,0,未対応,
D-低,Other,scripts/simple-flush.ts,15,12,3,0,0,0,未対応,
D-低,Page,app/trip/new/page.tsx,14,5,9,0,0,0,未対応,
D-低,Other,scripts/api-flush.ts,12,8,4,0,0,0,未対応,
D-低,Page,app/[userSlug]/[tripSlug]/page.tsx,11,1,10,0,0,0,未対応,
D-低,Other,scripts/admin-flush.ts,11,9,2,0,0,0,未対応,
D-低,Component,components/stats/RecommendedTrips.tsx,6,4,2,0,0,0,未対応,
D-低,Page,app/test/plan-change/page.tsx,4,0,4,0,0,0,未対応,
D-低,Page,app/test/storage/page.tsx,4,0,4,0,0,0,未対応,
D-低,Page,app/user-settings/page.tsx,2,0,2,0,0,0,未対応,
D-低,Component,components/stats/CountryStats.tsx,2,1,1,0,0,0,未対応,
D-低,Component,components/stats/CountryStatsSimple.tsx,2,1,1,0,0,0,未対応,
D-低,Page,app/subscription/page.tsx,1,0,1,0,0,0,未対応,
D-低,Page,app/test/daily-route-optimization/page.tsx,1,1,0,0,0,0,未対応,
D-低,Page,app/trip/[id]/page.tsx,1,0,1,0,0,0,未対応,
D-低,Page,app/user/[id]/page.tsx,1,0,1,0,0,0,未対応,
D-低,Component,components/stats/TripDistanceDisplay.tsx,1,0,1,0,0,0,未対応,
D-低,Component,components/stats/TripWeatherDisplay.tsx,1,0,1,0,0,0,未対応,